"state","total_waste","bulky_waste","biotonne_organicWaste","gardenAndPark_organicWaste","recyclables","other"
"Baden-W�rttemberg",444,139,51,89,164,1
"Bayern",479,166,56,92,160,5
"Berlin",376,236,28,4,107,1
"Brandenburg",434,212,21,59,139,3
"Bremen",430,230,34,49,117,0
"Hamburg",424,255,38,12,117,3
"Hessen",448,175,89,45,136,2
"Mecklenburg-Vorpommern",450,228,32,57,132,1
"Niedersachsen",511,187,67,91,165,2
"Nordrhein-Westfalen",461,213,68,44,135,1
"Rheinland-Pfalz",525,176,83,91,168,6
"Saarland",476,191,61,66,158,0
"Sachsen",339,150,43,20,124,1
"Sachsen-Anhalt",457,195,62,56,140,4
"Schleswig-Holstein",497,227,94,27,148,1
"Th�ringen",429,184,34,75,135,1
"Deutschland",457,187,60,62,146,2
